customerID,gender,SeniorCitizen,Partner,Dependents,tenure,MonthlyCharges,TotalCharges,Churn
8270-ABCD0,Female,0,Yes,Yes,54,101.05,5204.8,No
6390-LMNK1,Female,0,No,No,51,83.33,4407.41,No
6191-ABCD2,Female,0,Yes,Yes,39,115.63,4515.32,Yes
6734-XYZW3,Male,0,No,Yes,4,90.0,356.34,No
1466-LMNK4,Male,0,Yes,No,3,111.18,333.45,No
5426-LMNK5,Female,0,Yes,No,64,70.22,4569.32,No
9322-XYZW6,Female,0,Yes,Yes,29,30.01,827.89,No
1769-XYZW7,Female,0,Yes,Yes,11,71.33,813.78,No
7949-XYZW8,Female,1,No,Yes,58,31.0,1788.42,Yes
6311-ABCD9,Female,0,No,No,27,77.8,,Yes
2184-XYZW10,Male,0,No,Yes,21,66.74,1350.84,No
7396-ABCD11,Male,0,Yes,Yes,39,80.82,3132.9,No
9666-LMNK12,Male,0,Yes,No,46,19.26,885.63,No
3558-XYZW13,Male,0,Yes,No,66,37.83,2472.72,No
3047-LMNK14,Female,0,No,No,36,67.63,2478.18,No
1189-XYZW15,Male,0,No,Yes,65,113.78,7337.2,Yes
3734-XYZW16,Female,0,No,No,63,56.8,3743.51,Yes
5658-LMNK17,Male,0,Yes,No,35,60.9,2152.66,Yes
2267-ABCD18,Male,0,No,No,31,90.08,2878.34,No
4556-LMNK19,Male,0,Yes,No,28,78.93,2123.71,No
9838-ABCD20,Male,0,No,No,1,48.29,47.79,Yes
6393-ABCD21,Female,0,No,Yes,25,59.54,1464.21,No
9433-XYZW22,Male,0,No,No,43,40.13,1737.58,Yes
8513-ABCD23,Female,0,No,No,67,115.34,8006.84,No
8041-LMNK24,Male,1,Yes,No,63,31.38,1893.58,No
8099-LMNK25,Male,0,No,Yes,51,55.62,2715.38,No
1775-LMNK26,Male,0,Yes,Yes,2,20.85,43.16,No
9226-XYZW27,Female,0,No,No,64,40.54,2520.06,No
4152-XYZW28,Female,0,Yes,Yes,69,96.69,6784.2,Yes
4943-XYZW29,Male,0,No,Yes,9,38.47,347.71,No
2021-XYZW30,Male,0,No,No,2,26.3,54.35,No
4843-XYZW31,Female,0,No,No,34,65.93,2157.58,No
7873-XYZW32,Male,0,No,No,60,19.25,1112.24,No
5297-XYZW33,Male,0,No,No,61,26.77,1642.25,No
1995-XYZW34,Female,0,No,No,31,99.42,3219.59,No
8629-LMNK35,Female,0,No,Yes,10,95.78,,Yes
2016-XYZW36,Male,1,No,Yes,36,110.22,3899.25,No
7439-ABCD37,Female,0,Yes,No,49,104.13,5156.81,No
7863-ABCD38,Female,0,No,No,70,86.91,6345.57,Yes
9529-LMNK39,Male,0,No,No,49,23.51,1190.8,No
5887-XYZW40,Female,1,No,Yes,3,96.93,305.2,No
5859-ABCD41,Female,0,Yes,No,5,103.22,491.46,Yes
8208-ABCD42,Male,0,Yes,No,61,98.56,5779.4,No
3062-ABCD43,Male,0,No,No,26,69.35,1822.84,No
1064-ABCD44,Male,0,Yes,No,72,41.66,3095.68,Yes
9006-ABCD45,Female,0,No,No,5,103.21,504.97,No
6463-ABCD46,Male,0,No,No,15,91.33,1334.22,No
3027-LMNK47,Female,0,Yes,No,16,116.82,1922.76,No
6258-LMNK48,Female,0,No,Yes,1,33.9,32.4,No
7736-LMNK49,Male,0,No,No,16,40.93,646.33,No
6892-XYZW50,Female,1,No,No,37,39.54,1463.83,No
7184-LMNK51,Male,0,No,Yes,3,97.9,295.47,No
9392-XYZW52,Female,0,Yes,No,52,37.03,1969.58,No
4104-LMNK53,Female,0,No,No,47,24.95,1155.63,Yes
3454-XYZW54,Male,1,Yes,Yes,13,118.61,1559.31,No
9996-LMNK55,Male,0,No,No,55,20.74,1150.44,No
3731-XYZW56,Male,1,No,Yes,21,102.19,2156.21,Yes
9154-LMNK57,Male,0,Yes,No,66,54.97,3678.99,No
6056-LMNK58,Male,0,No,No,54,102.83,5419.25,No
9110-XYZW59,Male,0,No,No,27,73.99,1914.75,Yes
4840-ABCD60,Female,1,Yes,No,38,108.86,,No
8385-LMNK61,Male,0,No,No,58,111.33,6279.3,No
7910-XYZW62,Male,1,Yes,No,62,19.16,1187.94,No
7938-ABCD63,Female,1,Yes,Yes,46,25.83,1228.63,No
1206-LMNK64,Male,0,No,No,11,43.41,487.12,No
6977-XYZW65,Female,0,No,Yes,72,85.52,6335.42,No
8035-ABCD66,Female,1,No,No,8,107.52,847.34,No
8858-LMNK67,Female,0,No,No,71,64.47,4533.73,Yes
1863-LMNK68,Male,0,No,Yes,64,79.25,5018.08,No
8408-ABCD69,Male,0,No,No,21,37.19,756.93,Yes
7019-XYZW70,Male,0,Yes,Yes,72,99.15,6825.56,No
8574-LMNK71,Female,1,Yes,Yes,63,115.47,7340.75,No
7892-LMNK72,Male,0,Yes,No,64,45.24,3037.01,No
4242-ABCD73,Male,0,Yes,Yes,20,67.98,1314.3,No
2059-ABCD74,Female,0,No,Yes,8,26.9,205.44,Yes
4157-XYZW75,Male,0,Yes,Yes,58,74.44,4438.21,Yes
3693-XYZW76,Male,1,Yes,No,46,68.78,3085.6,Yes
6450-XYZW77,Male,0,Yes,Yes,31,32.77,1049.36,No
6592-LMNK78,Female,0,No,No,9,62.68,575.62,No
8392-ABCD79,Male,0,No,Yes,15,51.83,812.1,Yes
2306-XYZW80,Female,0,No,No,26,70.69,1821.2,No
7776-ABCD81,Female,1,No,No,10,77.11,783.59,No
6864-LMNK82,Male,0,No,Yes,29,19.1,551.95,No
8526-XYZW83,Female,0,No,No,36,94.73,3454.81,No
6575-LMNK84,Male,0,Yes,No,37,89.91,3309.9,No
5413-ABCD85,Male,1,No,No,71,55.06,3787.54,Yes
1663-LMNK86,Female,0,No,No,23,23.57,542.54,No
8994-XYZW87,Female,0,No,Yes,41,94.12,3869.95,No
2495-ABCD88,Female,0,No,No,28,114.25,3298.36,No
4763-ABCD89,Male,1,No,No,48,42.39,2082.64,No
2853-ABCD90,Male,0,No,No,38,50.76,1960.47,Yes
7585-XYZW91,Male,0,No,No,31,36.72,1094.31,No
8554-ABCD92,Male,0,Yes,No,14,76.23,1090.76,No
2636-ABCD93,Male,0,No,No,29,33.81,980.52,No
1698-ABCD94,Male,0,Yes,Yes,51,54.05,2865.19,No
5737-XYZW95,Male,1,No,Yes,49,88.3,4508.37,No
1854-ABCD96,Male,0,No,Yes,43,74.54,3062.64,No
6855-ABCD97,Male,0,Yes,No,72,57.09,4242.28,No
7528-LMNK98,Male,0,No,No,5,60.49,288.47,No
6249-ABCD99,Female,0,Yes,No,42,74.74,3097.38,No
2707-XYZW100,Male,0,No,No,7,18.84,132.44,Yes
6791-XYZW101,Female,1,Yes,No,42,26.14,1059.25,Yes
6535-LMNK102,Female,0,No,No,36,106.82,3940.24,Yes
5931-LMNK103,Male,0,Yes,No,27,26.08,669.54,No
1202-LMNK104,Female,0,No,No,58,89.28,5006.63,No
9958-XYZW105,Female,0,Yes,No,46,110.71,5133.81,No
3327-ABCD106,Female,0,No,No,66,45.45,3064.01,No
3931-XYZW107,Male,0,No,No,25,55.48,1444.79,Yes
1197-XYZW108,Male,1,No,No,27,75.43,2078.46,Yes
2930-LMNK109,Male,0,No,No,1,106.86,108.7,No
7287-ABCD110,Female,0,No,No,42,112.91,4692.11,No
5282-XYZW111,Female,1,Yes,No,52,92.58,4574.07,Yes
3511-ABCD112,Female,0,Yes,Yes,25,26.96,648.4,Yes
1659-LMNK113,Female,0,Yes,No,54,85.5,4632.95,No
7546-XYZW114,Female,0,No,Yes,67,59.49,4055.63,No
2986-LMNK115,Male,0,No,No,6,65.56,390.11,Yes
9338-LMNK116,Male,0,Yes,No,58,23.19,1376.05,No
2843-ABCD117,Female,0,No,No,70,37.45,2627.23,No
3976-LMNK118,Male,0,No,Yes,53,97.7,4957.6,No
3385-ABCD119,Male,0,No,No,66,63.87,4085.59,No
2802-ABCD120,Male,0,Yes,No,58,48.57,,Yes
7616-XYZW121,Male,0,Yes,Yes,2,56.84,116.24,No
6534-XYZW122,Female,0,No,No,22,104.12,2381.07,No
1262-XYZW123,Female,0,No,No,37,93.52,3327.91,No
9815-ABCD124,Female,0,Yes,No,20,45.62,957.13,No
3049-ABCD125,Female,1,No,Yes,24,30.06,700.48,No
6423-XYZW126,Male,0,No,No,65,43.58,2694.4,No
5548-ABCD127,Male,0,No,No,65,110.79,7559.56,Yes
8158-ABCD128,Female,1,No,No,1,76.7,75.02,No
8400-LMNK129,Male,0,Yes,No,3,71.86,219.2,Yes
3255-LMNK130,Female,0,Yes,Yes,46,78.19,3480.45,No
5499-XYZW131,Female,0,No,Yes,55,55.04,3051.49,Yes
2648-XYZW132,Male,1,Yes,Yes,64,99.36,6615.97,Yes
5199-XYZW133,Female,0,Yes,No,45,70.84,3130.48,No
3557-ABCD134,Female,0,Yes,Yes,26,29.98,792.75,No
1098-ABCD135,Female,1,Yes,Yes,65,31.22,1965.97,No
3961-XYZW136,Male,0,Yes,No,24,72.2,1754.42,No
5433-XYZW137,Male,0,Yes,Yes,35,112.38,3868.97,Yes
3869-LMNK138,Male,0,Yes,Yes,24,49.24,1147.63,No
1956-ABCD139,Male,0,Yes,No,28,105.64,2902.66,No
9352-ABCD140,Male,0,No,Yes,16,95.04,1471.8,Yes
5493-ABCD141,Female,0,No,No,59,43.16,2648.79,No
5911-LMNK142,Male,0,No,No,54,21.9,1170.44,Yes
2218-ABCD143,Female,1,Yes,No,16,28.49,444.23,No
5735-ABCD144,Female,0,Yes,No,15,91.46,1364.82,No
5555-LMNK145,Female,0,No,No,11,38.32,413.96,No
9050-XYZW146,Male,0,No,No,65,55.56,3699.67,No
4446-XYZW147,Female,0,No,No,68,68.67,,No
7893-XYZW148,Male,0,Yes,No,43,91.16,3895.59,Yes
4436-LMNK149,Male,0,No,No,69,29.63,2118.28,No
6895-LMNK150,Female,0,Yes,No,13,59.09,773.23,Yes
1225-ABCD151,Male,0,Yes,No,10,67.0,647.03,No
5893-ABCD152,Male,0,No,Yes,41,72.6,3033.34,No
8022-ABCD153,Female,0,No,Yes,50,100.5,5031.75,No
8996-LMNK154,Male,0,Yes,Yes,71,35.5,2558.46,No
8683-LMNK155,Male,0,Yes,No,59,99.44,6095.59,No
8679-ABCD156,Male,0,No,No,39,87.88,3406.91,No
8339-XYZW157,Female,0,Yes,No,3,74.12,231.28,Yes
2069-ABCD158,Female,0,Yes,No,7,88.55,635.39,No
2060-ABCD159,Male,1,Yes,No,49,59.66,2920.01,Yes
1301-ABCD160,Male,0,No,Yes,26,32.16,844.79,No
1606-LMNK161,Male,0,Yes,Yes,33,85.16,2761.26,Yes
1699-ABCD162,Male,0,No,No,48,70.98,3571.8,No
1190-ABCD163,Female,0,No,No,2,82.51,167.78,No
1980-LMNK164,Male,0,No,No,71,52.22,3538.5,Yes
2184-LMNK165,Male,0,No,No,32,109.39,3439.79,No
9319-XYZW166,Female,0,Yes,Yes,4,77.28,312.93,Yes
2816-XYZW167,Female,1,Yes,No,20,26.83,512.79,No
6854-XYZW168,Female,0,Yes,No,36,63.46,2175.79,Yes
1569-LMNK169,Male,1,Yes,Yes,32,94.26,3001.25,No
2895-XYZW170,Male,0,No,No,28,98.06,2699.74,No
4863-XYZW171,Male,0,Yes,No,1,67.96,67.54,No
8455-LMNK172,Male,0,Yes,No,60,108.17,6336.18,Yes
2686-XYZW173,Female,0,Yes,No,56,45.15,2443.63,No
8806-LMNK174,Female,0,No,No,35,59.52,2122.6,No
2409-XYZW175,Female,1,Yes,Yes,30,108.56,3261.55,No
1784-ABCD176,Female,0,Yes,No,54,108.32,5673.89,No
8560-LMNK177,Male,0,Yes,No,36,87.16,3081.15,No
8343-LMNK178,Female,0,No,Yes,55,104.58,5804.71,Yes
6596-XYZW179,Male,0,No,Yes,58,27.17,1508.45,No
3806-XYZW180,Female,0,Yes,No,65,105.18,6595.67,Yes
6986-XYZW181,Male,0,Yes,No,69,50.47,3333.82,Yes
9716-XYZW182,Male,0,Yes,Yes,51,36.17,1902.28,Yes
3950-ABCD183,Male,0,Yes,No,22,42.31,954.31,No
5780-ABCD184,Female,0,No,No,53,60.26,3274.68,No
7655-XYZW185,Male,1,No,Yes,36,43.49,1599.51,No
5495-XYZW186,Male,0,Yes,Yes,68,50.47,3490.09,Yes
7002-LMNK187,Male,0,No,No,36,31.82,1142.88,No
6919-LMNK188,Female,0,Yes,Yes,52,48.02,2532.57,No
1853-LMNK189,Female,1,No,No,53,75.76,3829.92,No
4769-LMNK190,Female,0,No,Yes,50,62.66,3171.05,Yes
2148-XYZW191,Male,1,Yes,No,41,53.1,2237.6,No
7457-XYZW192,Female,0,No,No,18,93.27,1678.92,Yes
8509-ABCD193,Male,0,Yes,No,22,108.05,2343.23,No
5777-XYZW194,Female,0,Yes,No,66,94.31,6085.92,No
4854-XYZW195,Female,1,Yes,No,21,51.62,1099.5,Yes
3491-ABCD196,Male,0,Yes,No,44,93.07,4174.03,Yes
4124-ABCD197,Male,0,No,No,47,33.52,1633.88,No
6222-XYZW198,Male,0,No,Yes,39,31.35,1203.37,No
1876-XYZW199,Male,0,No,No,29,52.99,1578.17,No
5142-LMNK200,Male,0,No,Yes,54,99.42,5401.62,No
7966-ABCD201,Female,0,No,No,17,43.01,759.16,No
5465-XYZW202,Male,1,Yes,No,60,24.61,1480.71,Yes
2693-LMNK203,Male,0,No,No,31,31.49,977.91,No
5752-LMNK204,Male,0,Yes,Yes,49,104.55,5162.85,No
6177-LMNK205,Male,0,No,No,2,81.95,167.99,No
9932-XYZW206,Female,0,No,No,48,43.7,2195.07,Yes
9308-XYZW207,Male,0,Yes,No,14,74.06,992.63,No
3838-LMNK208,Female,0,No,No,59,71.27,4017.15,No
8560-ABCD209,Female,0,No,Yes,58,84.12,,No
2664-XYZW210,Female,1,No,No,58,41.69,2425.24,Yes
1512-LMNK211,Female,1,Yes,No,51,105.12,5422.72,No
8805-XYZW212,Male,0,Yes,No,2,49.34,98.51,No
1559-ABCD213,Female,1,Yes,No,41,88.01,3461.78,No
8404-ABCD214,Male,0,Yes,Yes,16,19.87,326.44,No
4343-ABCD215,Male,0,Yes,Yes,4,55.7,228.31,No
5070-LMNK216,Female,0,No,No,12,53.6,631.09,No
1580-XYZW217,Female,0,Yes,Yes,29,72.87,2072.28,No
8004-LMNK218,Female,0,No,No,7,25.56,184.96,No
9130-XYZW219,Male,1,No,No,14,97.66,1308.77,No
2679-LMNK220,Male,0,No,Yes,12,40.14,500.04,No
8253-ABCD221,Female,1,Yes,No,5,86.29,420.95,No
6188-LMNK222,Male,0,No,Yes,32,98.97,,No
3141-XYZW223,Female,0,No,No,43,74.72,3353.04,No
7617-ABCD224,Female,1,Yes,Yes,69,92.71,6510.93,No
8421-XYZW225,Male,0,Yes,Yes,45,84.77,3782.01,Yes
5452-LMNK226,Male,0,No,No,9,53.98,495.03,No
6881-XYZW227,Male,0,Yes,No,49,99.54,4801.36,No
3849-LMNK228,Male,0,Yes,No,33,47.87,1544.52,No
7905-LMNK229,Female,0,Yes,No,18,75.66,1429.52,No
3489-ABCD230,Male,0,Yes,No,9,93.16,859.47,Yes
5611-LMNK231,Female,0,No,No,62,56.34,3543.63,No
7303-LMNK232,Male,1,Yes,No,57,48.68,2734.61,No
1851-XYZW233,Female,0,No,No,29,64.41,1783.68,No
3427-ABCD234,Male,0,No,No,25,100.46,2393.72,Yes
5000-ABCD235,Male,0,No,No,15,111.71,1684.73,Yes
3738-LMNK236,Male,1,No,No,6,73.03,449.66,No
6732-LMNK237,Female,0,No,No,42,84.73,3571.96,No
6536-XYZW238,Female,0,Yes,No,29,109.03,3269.62,No
2066-ABCD239,Female,0,No,No,4,28.15,107.35,Yes
5107-LMNK240,Male,0,No,No,57,41.57,2337.92,No
4373-XYZW241,Male,0,No,Yes,49,89.49,4269.72,Yes
9945-LMNK242,Male,0,No,No,44,101.04,4422.32,Yes
9967-ABCD243,Male,0,Yes,Yes,14,104.38,1398.83,No
1417-LMNK244,Male,0,Yes,No,3,59.97,188.08,No
9808-LMNK245,Female,0,No,Yes,62,27.23,1641.54,Yes
4267-XYZW246,Female,1,Yes,No,64,62.25,4152.25,No
8668-XYZW247,Female,1,No,Yes,45,41.44,1850.98,Yes
1412-ABCD248,Female,0,Yes,Yes,58,47.52,2889.98,No
8164-ABCD249,Male,1,Yes,No,20,95.86,1927.56,No
9867-XYZW250,Male,0,Yes,No,58,25.84,1563.29,No
6988-ABCD251,Female,0,Yes,Yes,57,101.42,5494.99,No
3967-LMNK252,Female,0,No,No,68,61.23,4267.0,No
2122-XYZW253,Male,0,Yes,No,52,78.15,4227.59,Yes
6104-LMNK254,Male,0,No,Yes,37,27.26,972.28,No
3143-LMNK255,Male,1,No,Yes,8,52.15,400.35,No
8357-ABCD256,Female,0,Yes,No,44,27.26,1190.39,Yes
4440-LMNK257,Female,1,No,No,5,114.89,599.36,Yes
6644-LMNK258,Female,0,No,Yes,69,99.38,6886.29,Yes
3914-ABCD259,Male,0,No,No,31,64.44,2003.12,Yes
6917-ABCD260,Female,0,Yes,No,45,40.72,1766.64,No
9787-ABCD261,Female,0,No,No,9,112.06,958.19,No
2365-ABCD262,Male,0,No,No,32,52.88,1744.64,No
1698-LMNK263,Male,0,Yes,No,33,34.43,1089.33,No
1395-ABCD264,Male,0,Yes,No,67,74.85,5082.08,No
8400-LMNK265,Male,0,No,No,30,113.1,3533.68,No
5171-ABCD266,Female,0,Yes,No,29,18.63,524.53,Yes
3502-XYZW267,Male,0,No,No,3,42.18,128.63,No
3782-LMNK268,Female,0,Yes,No,57,112.56,6145.62,No
6486-ABCD269,Male,0,No,Yes,30,35.44,1074.23,Yes
8266-ABCD270,Male,0,No,No,9,29.63,257.71,Yes
6588-ABCD271,Male,0,Yes,No,26,75.55,2010.65,No
2167-ABCD272,Male,1,Yes,No,2,104.87,205.57,No
2062-ABCD273,Male,0,No,No,62,66.2,4089.37,No
8860-XYZW274,Female,1,No,No,3,118.2,358.13,No
6305-LMNK275,Female,0,No,Yes,46,86.51,3848.64,No
7541-LMNK276,Female,1,Yes,No,68,25.69,1789.13,No
5729-ABCD277,Male,1,Yes,No,25,118.03,2892.51,Yes
8330-LMNK278,Male,0,Yes,Yes,51,59.24,3070.3,No
9924-LMNK279,Male,0,No,Yes,13,47.13,591.75,No
9010-XYZW280,Female,0,Yes,No,44,74.32,3331.6,Yes
5846-ABCD281,Male,0,Yes,Yes,35,48.83,1645.51,No
8241-XYZW282,Male,0,No,Yes,55,26.94,1470.64,No
3539-ABCD283,Female,0,No,No,9,18.39,161.33,Yes
2542-XYZW284,Male,0,Yes,No,2,63.43,130.01,No
2191-XYZW285,Male,0,Yes,No,61,102.35,6094.78,Yes
7938-XYZW286,Male,0,No,No,41,75.77,3225.15,No
2540-ABCD287,Female,0,No,Yes,44,118.67,5426.07,Yes
6541-LMNK288,Female,1,Yes,No,64,47.08,2921.65,No
2365-ABCD289,Male,0,No,No,31,46.44,,No
9702-LMNK290,Male,0,No,No,47,34.3,1545.64,Yes
5312-ABCD291,Female,0,Yes,No,2,34.74,68.73,No
4141-LMNK292,Female,0,Yes,No,69,46.91,3305.84,No
2810-ABCD293,Male,1,No,No,58,97.93,5770.49,No
3923-XYZW294,Female,1,No,No,44,109.28,4868.28,Yes
5186-XYZW295,Male,1,Yes,No,56,116.25,6368.43,No
6977-LMNK296,Female,0,No,No,43,41.6,1766.98,No
5268-ABCD297,Female,0,No,No,34,106.82,3487.67,No
5849-XYZW298,Male,0,Yes,No,30,51.24,1570.87,Yes
7619-ABCD299,Female,0,No,No,71,29.59,2101.71,No
4072-LMNK300,Female,1,No,No,70,105.69,7552.75,No
1504-LMNK301,Female,0,Yes,No,55,82.18,4406.42,Yes
2531-ABCD302,Male,0,Yes,No,67,34.81,2291.32,No
8576-ABCD303,Male,0,Yes,No,13,61.45,785.61,No
6029-ABCD304,Male,0,No,No,3,47.12,134.66,No
1133-XYZW305,Female,0,No,No,26,92.3,2361.65,No
4627-ABCD306,Male,0,Yes,No,57,63.82,3748.07,No
7316-ABCD307,Female,0,No,No,24,117.67,2936.28,No
5910-ABCD308,Female,0,No,No,53,23.75,1261.04,No
5175-XYZW309,Male,0,No,No,70,53.93,3758.3,No
6348-LMNK310,Female,0,Yes,No,43,66.68,2732.72,No
7190-ABCD311,Male,0,Yes,No,60,68.81,4285.16,No
4376-XYZW312,Female,1,Yes,Yes,58,50.0,2758.77,No
4486-ABCD313,Male,0,No,No,49,91.54,4684.95,No
9053-LMNK314,Male,0,Yes,No,42,106.16,4453.91,No
3703-LMNK315,Male,0,No,No,66,112.59,7313.48,Yes
9120-LMNK316,Male,0,Yes,No,11,99.16,1137.03,Yes
2353-XYZW317,Female,1,Yes,No,18,103.73,1778.34,No
8575-ABCD318,Female,0,No,No,52,73.58,3857.31,Yes
7819-XYZW319,Female,0,No,No,46,101.25,4680.29,Yes
4719-XYZW320,Male,0,Yes,No,44,48.75,2084.79,No
8483-XYZW321,Male,0,Yes,No,22,58.3,1273.48,Yes
1539-ABCD322,Male,0,No,Yes,53,50.1,2695.73,No
5835-LMNK323,Female,0,Yes,No,59,65.22,3935.38,No
8102-ABCD324,Female,0,Yes,No,30,46.95,1338.18,No
6320-ABCD325,Male,0,No,No,8,114.89,959.27,No
7132-ABCD326,Male,0,Yes,No,57,49.69,2737.31,No
3779-ABCD327,Female,1,Yes,No,20,28.1,547.03,No
2581-LMNK328,Female,0,Yes,Yes,25,71.2,1737.9,No
4324-XYZW329,Female,0,Yes,No,19,23.99,434.74,No
6713-LMNK330,Female,0,Yes,Yes,5,29.36,141.27,Yes
1255-ABCD331,Male,0,Yes,No,72,40.3,3042.72,Yes
2838-ABCD332,Male,0,Yes,No,27,64.92,1720.45,No
1009-XYZW333,Female,0,Yes,No,40,61.79,2376.52,No
8409-LMNK334,Female,0,No,No,26,98.62,2463.35,No
6124-LMNK335,Male,0,Yes,Yes,27,92.57,2554.24,No
2015-ABCD336,Female,0,Yes,Yes,62,61.09,3921.88,No
3193-LMNK337,Female,0,No,No,50,51.79,2526.56,No
8449-LMNK338,Female,0,No,Yes,42,50.06,2001.79,No
4925-LMNK339,Female,0,Yes,No,29,96.04,2708.04,Yes
7938-ABCD340,Male,1,No,Yes,39,23.48,875.11,No
5000-XYZW341,Female,0,Yes,No,60,19.54,1125.9,Yes
8266-LMNK342,Female,0,Yes,No,41,98.2,3998.62,No
1384-ABCD343,Female,0,No,Yes,33,66.2,2125.6,No
9175-LMNK344,Female,0,No,No,16,31.4,503.2,No
3000-ABCD345,Female,0,Yes,No,23,41.92,940.39,No
6989-LMNK346,Male,0,Yes,Yes,7,111.97,818.32,No
2460-LMNK347,Female,0,No,No,26,104.63,2830.81,No
8140-ABCD348,Female,0,Yes,No,12,89.58,1082.14,No
5809-XYZW349,Female,0,No,No,72,66.71,4733.2,No
5178-ABCD350,Female,0,Yes,Yes,5,70.54,348.51,No
8245-ABCD351,Female,0,No,No,69,116.26,7951.23,No
6997-ABCD352,Male,1,No,Yes,49,115.31,5778.78,Yes
5780-ABCD353,Male,0,No,Yes,26,39.88,1031.87,No
8939-XYZW354,Male,0,No,No,5,99.77,516.65,No
5544-ABCD355,Male,0,No,No,22,38.07,874.73,No
4419-LMNK356,Female,0,Yes,No,13,39.71,507.76,No
8239-LMNK357,Female,0,Yes,No,28,86.2,2428.25,No
1249-XYZW358,Male,0,Yes,Yes,33,58.95,1866.57,No
1770-LMNK359,Male,0,No,No,23,111.87,2495.94,No
5363-ABCD360,Female,0,No,Yes,18,27.2,485.36,No
2077-ABCD361,Male,1,Yes,Yes,30,69.66,2028.4,Yes
8901-LMNK362,Male,0,Yes,No,26,110.56,2982.8,No
7544-LMNK363,Male,0,Yes,No,16,109.11,1686.1,Yes
4374-LMNK364,Male,0,No,No,39,33.98,1319.34,Yes
2252-ABCD365,Male,0,Yes,Yes,33,55.1,1837.52,No
5673-LMNK366,Male,0,No,No,26,80.47,2132.36,Yes
5530-LMNK367,Male,1,No,No,48,34.27,1625.73,No
7881-XYZW368,Female,0,Yes,Yes,65,115.54,7787.3,No
7241-XYZW369,Female,0,Yes,No,38,110.18,4215.44,No
7941-LMNK370,Female,0,Yes,Yes,2,35.03,69.64,No
8002-LMNK371,Male,0,Yes,No,6,30.43,174.68,No
2331-ABCD372,Male,0,Yes,No,46,26.83,1229.82,No
5261-ABCD373,Female,0,Yes,Yes,50,109.65,,Yes
6115-XYZW374,Male,0,No,No,38,37.71,1449.39,No
5854-XYZW375,Male,0,Yes,No,18,60.09,1117.55,No
8730-ABCD376,Female,0,No,Yes,27,63.36,1709.7,No
3180-ABCD377,Female,0,No,No,41,78.45,3093.73,No
8043-XYZW378,Male,0,No,No,72,25.46,1743.96,No
7327-ABCD379,Male,0,Yes,Yes,17,41.04,683.95,No
6449-ABCD380,Female,0,No,No,62,111.86,7072.63,No
4579-ABCD381,Male,0,Yes,No,29,109.55,3269.16,Yes
8941-ABCD382,Female,0,No,No,58,96.77,5498.02,No
6569-ABCD383,Female,1,No,No,70,20.2,1413.39,No
7269-LMNK384,Female,0,No,No,22,51.11,1115.55,No
2906-LMNK385,Male,0,Yes,No,6,81.36,483.79,Yes
1760-LMNK386,Female,0,No,No,26,45.91,1161.59,No
8350-LMNK387,Female,0,Yes,No,39,109.66,4121.23,No
7090-XYZW388,Male,0,Yes,No,12,81.96,953.69,Yes
7031-ABCD389,Male,0,Yes,No,14,25.48,340.86,No
2887-LMNK390,Female,1,Yes,Yes,22,109.61,2338.63,No
1666-ABCD391,Male,0,Yes,No,51,114.51,5553.38,No
1671-XYZW392,Male,0,No,No,23,26.06,607.01,No
7777-LMNK393,Male,0,No,Yes,48,71.75,,No
8570-ABCD394,Female,0,Yes,Yes,71,48.74,3624.27,Yes
6124-XYZW395,Female,0,Yes,No,50,57.73,2798.09,No
5777-ABCD396,Female,0,Yes,No,13,36.3,464.62,Yes
7677-ABCD397,Male,0,Yes,No,10,76.35,752.65,No
7981-ABCD398,Male,1,Yes,No,55,114.53,5989.52,Yes
7376-XYZW399,Female,0,No,No,9,68.81,640.3,No
3593-ABCD400,Male,0,Yes,No,52,26.58,1317.47,No
8240-XYZW401,Male,0,Yes,Yes,2,80.56,168.21,No
7190-ABCD402,Female,0,Yes,Yes,25,52.44,,Yes
7493-LMNK403,Female,0,No,No,13,104.27,1360.33,No
3878-ABCD404,Female,0,No,No,51,61.94,3172.71,Yes
5432-XYZW405,Female,0,No,Yes,58,37.63,2216.1,Yes
2276-LMNK406,Female,0,No,No,34,37.46,1259.25,No
1302-LMNK407,Male,0,Yes,Yes,35,95.51,3392.06,No
1055-XYZW408,Female,0,Yes,No,3,44.94,128.68,No
9717-XYZW409,Female,0,No,No,59,95.36,5375.34,No
9150-XYZW410,Male,0,Yes,No,70,38.94,2714.14,No
1364-XYZW411,Female,0,No,No,48,50.58,2439.89,No
5621-LMNK412,Female,0,Yes,Yes,64,65.03,4323.33,No
6126-LMNK413,Female,0,Yes,No,19,113.04,2062.85,Yes
2646-LMNK414,Female,0,No,No,67,111.89,7738.51,No
3797-LMNK415,Female,1,No,No,5,39.04,189.54,No
6870-ABCD416,Female,0,No,No,67,54.25,3596.25,No
4345-XYZW417,Male,0,Yes,No,11,33.26,359.15,Yes
7949-LMNK418,Female,0,No,No,68,69.5,4678.81,No
2906-LMNK419,Male,0,Yes,No,69,64.54,4297.62,No
9152-LMNK420,Male,0,Yes,Yes,1,108.78,108.82,Yes
9905-LMNK421,Male,0,Yes,Yes,63,111.72,7250.67,No
2976-ABCD422,Male,0,Yes,No,29,56.8,1637.57,No
7229-XYZW423,Male,0,Yes,No,12,67.67,,No
1125-ABCD424,Female,0,Yes,No,41,108.32,4596.01,Yes
7288-ABCD425,Female,0,Yes,Yes,2,99.32,202.73,No
7168-XYZW426,Female,0,Yes,No,37,18.62,688.28,No
9258-ABCD427,Male,0,Yes,No,45,50.42,2213.92,No
7371-LMNK428,Female,0,Yes,No,48,60.64,3022.76,Yes
8943-ABCD429,Female,0,Yes,No,24,41.34,999.8,Yes
7891-LMNK430,Female,0,No,No,22,38.31,819.32,No
3472-ABCD431,Male,0,Yes,No,11,22.05,236.95,Yes
3739-XYZW432,Male,1,Yes,No,58,82.91,4954.55,No
2761-LMNK433,Male,0,Yes,No,46,44.63,1959.39,No
1876-XYZW434,Male,1,No,No,29,23.51,715.34,No
4812-ABCD435,Male,0,No,No,35,41.46,1397.46,No
2460-XYZW436,Female,1,No,No,15,98.84,1526.5,Yes
2733-XYZW437,Male,0,No,Yes,60,103.82,6163.65,Yes
6622-XYZW438,Male,0,No,Yes,42,66.8,2803.42,Yes
7986-XYZW439,Male,0,No,No,43,60.07,2681.33,No
4735-LMNK440,Male,0,No,No,49,116.52,5659.76,No
9434-LMNK441,Male,0,Yes,No,64,38.41,2467.46,Yes
2063-ABCD442,Male,0,Yes,Yes,32,39.89,1218.95,No
6342-XYZW443,Male,0,Yes,No,64,47.58,2893.58,No
8489-LMNK444,Female,0,No,No,2,35.61,69.4,No
9195-LMNK445,Female,1,No,Yes,24,56.38,1377.56,Yes
9837-XYZW446,Male,1,No,No,66,109.79,6971.7,Yes
3551-XYZW447,Male,1,Yes,Yes,38,80.09,2925.87,Yes
6560-XYZW448,Female,0,Yes,No,31,59.65,1832.69,No
1846-LMNK449,Male,0,Yes,No,26,112.16,2959.27,No
7316-ABCD450,Male,0,Yes,Yes,29,23.12,684.7,No
7469-XYZW451,Female,0,No,No,67,39.38,2553.62,No
9915-ABCD452,Male,0,No,No,25,75.12,1799.05,No
5208-LMNK453,Female,0,Yes,No,48,80.11,4014.62,No
3048-XYZW454,Female,0,No,Yes,65,22.23,1410.37,Yes
2828-XYZW455,Male,0,Yes,Yes,53,58.76,3224.32,No
5234-LMNK456,Male,1,No,Yes,67,83.49,5797.16,No
7988-LMNK457,Female,0,Yes,No,18,88.41,1634.75,No
4744-XYZW458,Male,1,Yes,No,9,82.38,716.87,No
1009-ABCD459,Male,0,Yes,No,38,50.47,1979.58,No
7038-XYZW460,Female,0,Yes,No,21,27.65,596.28,Yes
3219-XYZW461,Female,0,Yes,No,65,61.17,4014.51,Yes
3060-XYZW462,Male,0,No,No,21,31.19,644.33,Yes
2619-ABCD463,Female,0,No,No,27,113.49,2991.46,No
2342-ABCD464,Male,0,No,Yes,70,66.0,4445.31,Yes
3832-ABCD465,Female,0,Yes,No,44,50.13,2207.87,No
2994-LMNK466,Female,0,No,Yes,28,95.26,2690.02,No
4490-XYZW467,Female,0,Yes,Yes,45,68.29,3029.82,No
8984-ABCD468,Male,1,Yes,No,17,49.41,837.9,No
1235-XYZW469,Female,0,No,No,40,99.85,3939.49,No
2908-LMNK470,Male,0,No,Yes,3,105.4,320.66,Yes
6256-XYZW471,Female,0,Yes,No,66,85.89,5896.2,Yes
3635-LMNK472,Male,0,Yes,No,46,22.97,1021.11,No
3560-XYZW473,Male,0,No,No,30,75.17,2228.36,No
6951-ABCD474,Male,0,Yes,Yes,69,94.96,6316.93,Yes
9007-LMNK475,Female,1,Yes,Yes,9,31.97,291.33,No
7413-XYZW476,Female,0,No,No,11,41.23,463.91,No
5820-ABCD477,Male,1,Yes,No,69,106.94,7697.56,No
3898-LMNK478,Male,1,Yes,No,66,20.27,1308.24,No
1077-XYZW479,Female,0,Yes,No,31,93.9,3041.95,No
5227-ABCD480,Male,0,No,Yes,33,65.86,2078.46,No
2065-ABCD481,Male,1,No,Yes,39,63.15,,No
7943-LMNK482,Female,0,No,No,46,18.96,833.53,Yes
8804-XYZW483,Female,0,No,Yes,37,100.6,3868.77,Yes
6984-LMNK484,Female,1,No,No,60,54.41,3274.33,No
5670-LMNK485,Male,0,Yes,No,31,72.6,2288.71,No
3712-ABCD486,Male,0,Yes,Yes,11,86.32,981.0,No
2248-LMNK487,Female,0,No,Yes,2,88.86,171.51,No
5033-XYZW488,Female,0,No,No,27,114.33,2944.48,Yes
4687-LMNK489,Female,0,No,Yes,2,71.65,148.73,No
2970-XYZW490,Female,0,No,Yes,21,58.42,1204.12,No
6765-LMNK491,Male,0,Yes,No,58,114.1,6372.27,No
2202-XYZW492,Female,0,Yes,No,5,82.78,,No
6567-LMNK493,Male,0,Yes,Yes,52,48.21,2531.56,No
6742-ABCD494,Male,0,Yes,No,45,30.96,1327.85,No
6408-XYZW495,Female,0,Yes,No,20,102.93,2012.26,No
1922-ABCD496,Male,0,No,No,61,54.65,3177.9,Yes
2120-ABCD497,Male,0,No,No,38,84.63,3190.32,No
1950-ABCD498,Female,0,Yes,No,20,65.57,1363.21,Yes
6373-XYZW499,Male,0,Yes,No,25,38.24,1002.14,Yes
5612-LMNK500,Female,1,No,Yes,2,78.72,159.6,No
2865-ABCD501,Male,0,Yes,Yes,32,24.35,752.83,No
7028-LMNK502,Female,0,No,No,26,59.79,1617.63,Yes
7371-ABCD503,Male,0,No,No,70,73.18,5130.92,No
7359-LMNK504,Male,0,No,Yes,41,62.07,2456.75,Yes
4228-ABCD505,Female,0,No,No,67,93.49,6527.99,No
3371-ABCD506,Female,0,No,No,1,101.46,104.07,No
5225-LMNK507,Male,0,Yes,No,51,95.76,4996.92,No
1094-LMNK508,Male,0,Yes,No,5,22.15,113.07,No
7898-XYZW509,Female,0,Yes,No,13,37.76,476.17,No
3116-LMNK510,Female,0,No,Yes,19,72.18,1331.79,No
7166-LMNK511,Female,0,Yes,Yes,12,112.2,1371.75,No
1345-XYZW512,Female,0,Yes,No,48,102.16,4766.24,No
9554-XYZW513,Male,0,No,Yes,25,102.92,,No
8783-XYZW514,Male,0,No,No,57,48.72,2855.35,No
1984-ABCD515,Female,0,No,No,35,61.41,2210.38,No
8790-LMNK516,Male,0,Yes,No,5,65.56,326.27,No
4531-ABCD517,Male,0,Yes,Yes,22,34.07,771.44,Yes
4876-LMNK518,Female,0,Yes,Yes,57,21.37,1259.34,No
4177-ABCD519,Female,0,Yes,No,47,113.41,5412.77,No
9795-LMNK520,Female,0,Yes,No,54,42.44,2229.52,No
7024-XYZW521,Female,0,Yes,No,3,42.36,124.21,No
5146-ABCD522,Female,1,No,No,53,26.63,1385.26,No
4368-XYZW523,Male,0,Yes,No,31,111.57,3326.14,Yes
2792-XYZW524,Male,0,No,No,69,76.51,5159.44,No
6732-ABCD525,Male,0,No,Yes,33,85.29,2732.81,No
4417-XYZW526,Male,0,Yes,Yes,72,109.86,7874.59,No
4030-ABCD527,Female,0,No,No,50,52.98,2757.2,No
4072-LMNK528,Male,0,Yes,No,16,80.71,1240.28,Yes
5021-LMNK529,Male,0,Yes,No,39,22.15,882.88,No
7514-LMNK530,Male,1,No,No,46,37.02,1734.81,No
3708-LMNK531,Male,0,Yes,No,47,101.79,4590.73,Yes
8112-ABCD532,Male,1,No,No,44,95.31,4370.85,No
9393-ABCD533,Male,0,Yes,No,9,53.49,484.71,No
5212-XYZW534,Male,0,No,No,50,56.12,2767.76,No
8970-LMNK535,Male,0,Yes,No,60,71.87,4422.82,Yes
1536-XYZW536,Male,0,Yes,No,15,18.27,267.4,No
8973-XYZW537,Female,0,Yes,No,36,42.5,1559.61,No
9070-XYZW538,Male,0,No,Yes,63,39.18,2354.73,No
9666-XYZW539,Male,0,No,Yes,69,43.42,3097.67,No
7490-ABCD540,Female,0,No,No,41,99.24,4047.75,No
7783-LMNK541,Male,0,No,No,24,46.36,1127.85,No
5971-LMNK542,Female,1,No,No,49,37.5,1786.28,No
2205-ABCD543,Female,0,No,No,18,68.93,1262.71,No
2990-XYZW544,Male,0,No,No,7,105.25,756.81,Yes
4572-ABCD545,Female,1,No,No,4,42.51,169.58,Yes
7320-ABCD546,Male,0,No,No,69,26.14,1824.89,Yes
5757-XYZW547,Female,0,No,No,60,54.07,3230.03,Yes
6588-ABCD548,Male,0,Yes,Yes,55,93.39,5338.87,No
1966-ABCD549,Female,1,No,No,16,73.59,1177.19,Yes
4432-ABCD550,Male,0,No,No,29,100.34,3009.32,Yes
5243-XYZW551,Male,0,Yes,No,23,114.69,2717.36,No
9533-LMNK552,Female,0,Yes,No,14,97.91,1358.47,Yes
7704-LMNK553,Male,0,Yes,No,49,78.93,3763.18,No
2759-ABCD554,Male,0,No,Yes,33,67.83,2217.37,Yes
3482-LMNK555,Female,0,No,No,25,22.28,575.17,No
1951-LMNK556,Female,0,Yes,No,21,117.17,2393.55,No
3079-XYZW557,Male,0,No,No,17,56.79,967.79,No
5524-ABCD558,Female,1,No,Yes,23,33.55,795.27,No
9477-LMNK559,Female,0,Yes,Yes,57,85.25,4788.05,Yes
3065-ABCD560,Female,0,No,Yes,58,46.82,2754.18,No
6490-LMNK561,Male,0,No,Yes,14,77.12,1052.22,No
7645-ABCD562,Female,0,No,Yes,20,77.22,1484.06,No
6797-LMNK563,Male,1,No,No,30,63.05,1947.18,No
5926-ABCD564,Female,0,No,Yes,19,102.28,1865.39,No
4335-ABCD565,Male,0,No,Yes,53,44.88,2324.26,No
9038-LMNK566,Male,0,Yes,No,56,63.34,3673.0,No
5873-XYZW567,Female,0,No,Yes,23,72.29,1637.14,No
7305-ABCD568,Male,0,No,Yes,62,84.94,5515.4,Yes
1054-XYZW569,Female,0,No,No,33,97.04,3355.95,No
4462-ABCD570,Female,0,Yes,Yes,18,57.93,1018.58,Yes
1832-ABCD571,Female,1,No,No,33,83.18,2618.94,Yes
6954-LMNK572,Male,0,Yes,Yes,32,33.39,1090.39,No
9519-XYZW573,Female,0,No,No,61,111.98,6797.3,No
4310-ABCD574,Male,0,Yes,No,54,56.75,2942.15,No
7722-LMNK575,Male,0,Yes,No,17,91.57,1588.99,Yes
8776-LMNK576,Female,0,Yes,No,19,20.29,367.44,Yes
8970-XYZW577,Male,0,Yes,No,70,38.87,2821.63,No
3538-ABCD578,Male,0,No,No,34,67.2,2202.24,No
7612-XYZW579,Female,1,No,Yes,25,106.51,2563.51,No
1822-XYZW580,Male,0,No,No,68,71.24,4687.21,No
7150-XYZW581,Male,0,Yes,No,11,111.7,1285.25,No
9966-ABCD582,Female,0,Yes,No,16,66.87,1090.59,No
3198-ABCD583,Male,0,No,Yes,61,67.54,4244.1,No
5242-ABCD584,Female,0,No,No,7,30.28,209.79,No
2308-XYZW585,Female,0,Yes,No,16,98.92,1556.81,No
9705-ABCD586,Female,1,No,Yes,16,43.07,670.82,No
7852-LMNK587,Female,1,Yes,No,40,108.66,4337.99,No
5841-LMNK588,Male,1,No,Yes,12,109.79,1324.31,No
2409-LMNK589,Male,0,No,No,35,113.05,4008.89,Yes
5566-LMNK590,Female,0,Yes,Yes,21,70.53,1445.16,Yes
5491-ABCD591,Female,0,Yes,No,50,86.3,4508.59,No
1804-XYZW592,Female,1,No,No,43,96.49,4012.05,Yes
2279-XYZW593,Male,0,Yes,No,17,31.42,559.01,Yes
8083-LMNK594,Male,0,Yes,No,32,78.65,2394.7,No
6619-XYZW595,Male,0,No,No,41,21.7,888.02,No
2387-ABCD596,Female,0,Yes,Yes,6,68.26,402.74,No
3679-LMNK597,Male,0,Yes,No,27,33.81,908.23,No
9173-LMNK598,Female,0,No,Yes,20,36.63,737.78,No
5223-ABCD599,Female,0,No,No,25,54.94,1364.65,No
4186-ABCD600,Male,0,No,Yes,66,61.71,4038.18,No
3573-ABCD601,Female,0,No,No,9,80.88,744.86,No
3599-XYZW602,Male,0,No,No,53,25.73,1389.04,No
9428-ABCD603,Female,0,No,No,61,68.87,4341.08,No
8368-XYZW604,Female,0,Yes,No,38,36.6,1356.02,No
2301-LMNK605,Female,0,No,Yes,3,75.93,230.28,Yes
3541-XYZW606,Female,0,No,No,70,82.31,5810.79,No
9633-ABCD607,Male,0,Yes,No,55,74.2,4027.84,Yes
9996-LMNK608,Male,0,Yes,Yes,1,92.45,92.32,No
7981-XYZW609,Female,0,No,No,70,51.98,3570.84,No
6475-ABCD610,Male,0,Yes,No,45,95.14,4127.96,No
8184-ABCD611,Male,0,Yes,No,47,61.74,2818.73,No
8141-XYZW612,Male,0,No,No,26,66.91,1671.03,No
2622-ABCD613,Female,1,No,No,14,83.38,1188.69,Yes
9041-XYZW614,Male,0,Yes,No,54,20.1,1102.85,No
3074-ABCD615,Female,0,Yes,Yes,71,83.98,6231.26,No
1645-LMNK616,Female,0,Yes,No,46,80.42,3784.29,No
5263-XYZW617,Male,1,No,No,31,49.39,1462.5,No
7136-ABCD618,Male,0,Yes,Yes,59,26.87,1646.25,Yes
9646-XYZW619,Male,0,Yes,No,29,27.39,823.12,Yes
3969-ABCD620,Female,0,Yes,No,17,111.03,1876.81,Yes
8643-XYZW621,Male,0,Yes,No,14,87.52,1235.8,No
3681-XYZW622,Male,0,No,No,36,31.02,1169.88,No
5225-XYZW623,Male,0,No,Yes,58,54.1,3147.94,No
2386-ABCD624,Female,1,No,No,24,77.79,1942.63,No
3866-ABCD625,Male,0,No,Yes,63,102.22,6171.34,No
6490-XYZW626,Female,0,Yes,No,25,22.64,548.51,No
5124-ABCD627,Female,0,No,No,59,42.03,2465.08,Yes
4850-LMNK628,Male,0,No,No,32,107.67,3474.64,Yes
8679-ABCD629,Female,0,Yes,Yes,18,19.17,355.97,No
9378-LMNK630,Male,1,No,No,37,38.49,1493.66,No
2333-XYZW631,Female,0,Yes,No,26,114.63,2947.25,No
5150-LMNK632,Female,0,No,Yes,9,79.9,686.55,No
3711-XYZW633,Female,0,Yes,No,64,44.55,2937.07,No
7212-ABCD634,Male,0,No,No,72,24.98,1817.33,Yes
8715-LMNK635,Male,0,Yes,No,20,21.08,408.89,No
2762-LMNK636,Male,0,No,Yes,54,42.85,2312.7,No
8101-LMNK637,Male,0,No,Yes,30,106.84,3282.87,No
7122-XYZW638,Male,0,No,No,53,60.05,3268.71,Yes
1153-XYZW639,Male,0,Yes,No,63,90.64,5710.1,No
2524-ABCD640,Male,1,No,Yes,11,110.54,1192.26,Yes
3343-ABCD641,Male,0,No,Yes,31,59.26,1924.09,No
6760-ABCD642,Female,0,Yes,No,49,37.47,1866.02,No
1060-LMNK643,Male,0,Yes,No,19,70.22,1321.94,Yes
2639-XYZW644,Male,0,No,Yes,12,109.51,1285.27,Yes
8970-LMNK645,Male,0,No,No,15,99.09,1520.7,Yes
2252-LMNK646,Male,1,Yes,No,31,24.87,751.09,No
4549-XYZW647,Female,0,Yes,Yes,43,87.85,3653.54,Yes
8009-LMNK648,Male,0,Yes,No,37,75.73,2810.37,No
5090-ABCD649,Female,0,No,No,29,109.45,3107.39,Yes
4004-ABCD650,Female,0,No,No,26,30.56,804.8,Yes
1329-ABCD651,Female,0,No,No,2,71.92,138.34,No
8982-XYZW652,Female,0,No,No,15,106.64,1624.38,No
9407-LMNK653,Female,0,Yes,No,4,59.46,232.69,Yes
6895-LMNK654,Female,0,Yes,Yes,50,66.69,3167.86,No
3708-ABCD655,Female,0,Yes,No,38,25.33,926.63,No
2750-ABCD656,Female,0,Yes,No,23,46.2,1108.68,No
3421-XYZW657,Female,0,No,Yes,59,50.86,3110.97,No
6319-ABCD658,Female,0,No,Yes,28,113.23,3085.98,No
7609-ABCD659,Female,1,Yes,Yes,66,46.66,3165.29,No
6387-LMNK660,Male,0,Yes,No,8,64.57,522.17,Yes
4993-ABCD661,Male,0,No,Yes,29,85.72,2602.94,No
9044-XYZW662,Male,0,No,Yes,11,34.55,375.25,No
9238-XYZW663,Male,0,Yes,No,18,67.14,1230.45,Yes
5806-ABCD664,Male,0,No,No,55,92.47,4863.87,Yes
6913-ABCD665,Male,0,No,Yes,50,105.37,5213.84,Yes
4157-XYZW666,Female,0,Yes,No,14,81.19,1189.38,No
1390-XYZW667,Male,1,No,No,9,85.49,772.41,No
5430-ABCD668,Female,0,Yes,No,11,30.94,333.12,No
8686-ABCD669,Male,0,No,No,63,113.3,6866.85,Yes
9007-XYZW670,Male,0,No,Yes,67,31.57,2158.24,No
2500-XYZW671,Female,0,No,No,53,96.1,5167.08,No
4294-XYZW672,Female,0,No,No,39,44.86,1727.49,No
3419-LMNK673,Male,0,Yes,Yes,56,112.08,6559.51,No
4042-XYZW674,Female,0,No,Yes,28,90.61,2415.86,No
2466-XYZW675,Female,0,No,No,39,94.01,3594.43,No
1614-ABCD676,Male,0,No,Yes,25,40.27,1049.14,No
8693-LMNK677,Male,0,No,No,21,62.78,1294.77,No
4223-LMNK678,Female,0,No,Yes,10,80.34,783.5,No
3667-ABCD679,Female,0,No,No,43,95.63,4126.16,No
1130-ABCD680,Female,1,Yes,No,15,28.7,444.44,Yes
3983-XYZW681,Female,0,No,No,48,114.97,5299.55,No
5278-LMNK682,Male,0,No,No,21,107.72,2362.34,Yes
9230-LMNK683,Male,1,No,No,60,45.42,2805.61,No
7640-ABCD684,Male,0,No,No,50,100.94,4886.13,No
1920-ABCD685,Female,0,Yes,No,23,70.34,1652.12,Yes
9684-XYZW686,Female,0,Yes,No,13,64.66,830.91,Yes
9502-LMNK687,Female,0,No,No,69,49.85,3406.04,No
4241-XYZW688,Male,0,No,No,4,76.64,315.24,No
5346-LMNK689,Male,0,Yes,No,72,91.6,6900.42,No
4810-LMNK690,Male,0,No,No,9,59.55,515.94,No
8206-XYZW691,Female,0,Yes,Yes,35,81.49,2829.51,No
3032-ABCD692,Female,1,No,No,21,88.53,1855.59,No
9436-ABCD693,Male,0,Yes,No,58,89.72,5139.4,No
1271-LMNK694,Female,0,Yes,No,18,23.47,416.68,Yes
5361-XYZW695,Male,1,Yes,No,72,104.65,7197.44,No
1920-LMNK696,Female,0,Yes,No,43,64.3,2816.2,No
4430-ABCD697,Male,1,No,No,6,44.62,266.01,No
4760-LMNK698,Female,0,Yes,Yes,67,42.55,2763.84,No
2165-XYZW699,Male,0,Yes,Yes,12,66.79,826.81,No
3033-XYZW700,Female,0,No,No,12,107.38,1327.55,Yes
5388-ABCD701,Male,0,No,No,66,56.27,3708.77,No
9623-ABCD702,Male,0,Yes,Yes,2,93.6,183.43,Yes
9173-LMNK703,Male,1,No,Yes,15,27.98,425.5,Yes
3632-LMNK704,Male,0,Yes,Yes,23,66.09,1487.87,Yes
9056-LMNK705,Male,0,No,No,29,117.91,3329.12,No
2828-ABCD706,Female,1,No,No,7,95.68,685.2,No
5805-LMNK707,Male,0,Yes,No,28,39.41,1052.76,No
8486-XYZW708,Female,0,Yes,No,14,68.64,,No
9202-XYZW709,Female,1,Yes,No,44,41.73,1745.56,No
2868-XYZW710,Female,0,Yes,No,30,59.41,1720.44,No
8878-LMNK711,Male,0,No,No,32,96.65,2959.5,No
8827-ABCD712,Male,1,Yes,Yes,70,95.76,7035.55,No
6429-ABCD713,Female,0,Yes,No,6,41.17,241.8,No
4564-XYZW714,Female,0,Yes,No,27,110.93,2890.06,No
8274-XYZW715,Male,0,Yes,No,24,77.8,1818.84,No
1824-XYZW716,Male,0,No,Yes,34,56.43,,No
1936-ABCD717,Male,1,Yes,Yes,40,68.69,2753.14,Yes
7402-XYZW718,Female,0,No,Yes,47,79.06,3665.59,Yes
2796-XYZW719,Male,0,Yes,No,24,74.52,1855.26,No
8214-LMNK720,Male,0,Yes,No,65,67.13,,No
3736-ABCD721,Female,0,No,Yes,18,69.0,1221.51,Yes
2913-ABCD722,Male,0,Yes,No,44,35.98,1536.78,No
8657-LMNK723,Male,0,No,No,57,99.93,5626.4,Yes
8312-LMNK724,Female,0,No,Yes,28,72.7,1998.28,No
8906-XYZW725,Female,0,Yes,No,71,31.42,2270.37,No
5876-ABCD726,Male,0,Yes,Yes,23,95.25,2144.65,No
5675-XYZW727,Male,0,Yes,No,34,111.96,3836.03,Yes
2380-XYZW728,Male,0,Yes,No,11,113.45,1193.78,Yes
2290-ABCD729,Male,0,Yes,No,35,55.34,1877.11,No
8490-LMNK730,Female,0,Yes,Yes,42,31.87,1326.15,Yes
2218-ABCD731,Male,0,Yes,No,28,70.35,2055.87,No
7881-XYZW732,Male,0,No,No,24,29.57,700.97,No
1954-XYZW733,Male,0,No,No,8,112.12,911.68,Yes
8291-LMNK734,Female,0,No,Yes,53,36.7,1897.46,Yes
5133-LMNK735,Female,0,Yes,Yes,72,43.65,3025.58,No
4972-XYZW736,Female,0,Yes,Yes,4,59.12,226.04,Yes
9228-ABCD737,Male,0,No,Yes,5,56.76,278.28,Yes
9987-ABCD738,Female,1,No,No,49,98.11,4642.81,No
6068-ABCD739,Female,0,No,No,30,64.11,1860.6,No
6233-ABCD740,Male,0,Yes,No,72,35.41,2616.0,No
1317-ABCD741,Male,1,No,Yes,63,45.1,2703.74,Yes
3162-XYZW742,Male,0,No,No,47,69.42,3281.6,No
2591-XYZW743,Male,1,Yes,Yes,26,33.07,849.46,No
7183-LMNK744,Male,0,Yes,No,57,79.72,4547.02,No
2312-XYZW745,Male,0,No,No,37,75.11,2796.53,No
5311-LMNK746,Male,0,Yes,No,7,90.08,618.79,No
3383-ABCD747,Female,0,Yes,No,40,112.49,4407.41,No
2704-ABCD748,Male,0,No,Yes,39,109.93,4387.34,Yes
1362-ABCD749,Female,0,No,No,62,113.33,7287.34,No
5286-LMNK750,Female,0,Yes,No,53,42.84,2200.72,No
3469-LMNK751,Female,0,Yes,No,4,31.47,120.81,No
1556-XYZW752,Female,0,Yes,No,25,48.63,1264.11,No
3808-LMNK753,Male,0,No,No,7,108.21,746.1,Yes
6150-LMNK754,Female,1,Yes,Yes,28,115.94,3262.98,No
8561-LMNK755,Male,0,No,No,69,104.61,7116.71,No
4741-LMNK756,Male,0,Yes,Yes,67,29.31,1890.29,No
4998-XYZW757,Female,0,Yes,No,20,113.47,2289.67,Yes
3403-XYZW758,Male,0,No,No,11,60.8,670.48,No
9780-ABCD759,Male,0,No,Yes,67,19.19,1247.54,No
1294-XYZW760,Female,0,Yes,No,7,62.71,436.86,No
6343-ABCD761,Female,0,Yes,No,23,22.88,541.87,No
2136-ABCD762,Female,0,No,No,61,72.91,4487.73,No
3064-LMNK763,Male,0,Yes,No,71,52.27,3561.58,No
8009-ABCD764,Female,0,No,No,34,65.83,2248.97,No
2007-XYZW765,Male,0,Yes,No,19,79.87,,No
6352-XYZW766,Female,0,No,No,58,105.56,6301.69,No
2435-LMNK767,Female,0,No,No,9,84.77,772.78,No
6084-XYZW768,Female,0,Yes,No,48,61.87,2866.61,No
8059-XYZW769,Female,0,No,No,41,100.6,4211.29,No
8491-LMNK770,Male,0,Yes,No,48,109.26,5337.49,Yes
2040-XYZW771,Female,0,Yes,Yes,45,30.29,1298.23,No
9073-XYZW772,Female,0,No,Yes,25,71.71,1776.93,No
3752-XYZW773,Male,0,Yes,Yes,25,46.84,1151.44,No
5569-LMNK774,Female,0,No,No,19,22.98,444.02,No
7353-XYZW775,Male,0,Yes,No,39,85.44,3237.57,Yes
8437-LMNK776,Female,0,Yes,No,27,104.96,2859.67,No
9476-LMNK777,Female,0,Yes,No,63,34.62,2271.18,No
6346-ABCD778,Female,0,Yes,Yes,68,99.9,6995.5,Yes
6126-ABCD779,Male,0,Yes,No,19,104.02,2059.68,No
8813-LMNK780,Female,0,No,No,28,110.14,3231.49,Yes
4356-ABCD781,Female,0,No,No,33,44.91,1409.51,Yes
8266-ABCD782,Female,1,No,No,10,109.1,1104.39,No
1038-LMNK783,Male,0,Yes,No,30,50.48,1501.2,No
3844-ABCD784,Male,0,Yes,No,22,73.76,1681.11,Yes
2098-XYZW785,Female,0,Yes,No,3,23.33,68.25,No
4155-XYZW786,Male,0,Yes,No,48,22.66,1140.0,No
6658-LMNK787,Female,0,No,No,2,90.65,183.36,No
3896-XYZW788,Female,0,Yes,Yes,54,62.92,3497.41,Yes
1988-ABCD789,Female,0,Yes,No,6,44.01,253.12,No
7446-ABCD790,Female,0,No,No,40,37.39,1448.26,No
5179-XYZW791,Male,0,Yes,No,2,85.58,175.58,No
2682-ABCD792,Male,1,Yes,Yes,2,18.29,34.83,No
6626-ABCD793,Male,1,Yes,No,55,99.24,5631.16,No
1933-LMNK794,Male,0,Yes,No,72,26.21,1795.4,Yes
2980-LMNK795,Male,0,No,Yes,60,37.49,2284.74,No
4056-ABCD796,Female,0,Yes,No,6,57.07,337.8,No
1791-XYZW797,Female,0,Yes,Yes,19,66.98,1286.81,No
6390-LMNK798,Female,0,Yes,Yes,27,53.93,1484.65,No
2607-XYZW799,Female,0,Yes,Yes,1,50.48,49.68,No
1984-ABCD800,Female,0,Yes,Yes,33,115.12,3650.03,No
4676-ABCD801,Female,1,No,No,40,82.73,3166.79,No
9711-LMNK802,Female,0,No,Yes,32,20.61,665.39,Yes
2050-XYZW803,Female,0,No,Yes,69,61.48,4250.88,No
4633-LMNK804,Male,0,Yes,Yes,17,106.19,1848.95,No
1959-ABCD805,Male,0,No,Yes,8,48.55,388.78,No
6655-XYZW806,Male,0,No,Yes,57,27.75,1569.48,No
3946-XYZW807,Female,0,Yes,No,42,94.47,3927.3,No
1526-ABCD808,Female,0,No,Yes,9,79.15,678.62,No
2875-ABCD809,Male,0,Yes,No,35,75.57,2601.46,No
6797-ABCD810,Male,0,Yes,No,71,23.63,1757.59,No
8099-LMNK811,Female,0,No,Yes,53,32.37,1779.7,No
6109-ABCD812,Male,0,Yes,No,54,80.82,4289.82,No
1116-XYZW813,Male,0,No,Yes,25,39.14,987.09,Yes
6463-LMNK814,Female,0,Yes,Yes,67,68.91,4777.32,Yes
4788-ABCD815,Male,0,No,Yes,62,73.01,4500.04,No
5167-ABCD816,Male,0,No,No,55,46.74,2446.78,Yes
9465-XYZW817,Female,0,No,No,46,113.57,5001.93,No
2389-LMNK818,Female,1,Yes,No,24,102.92,2472.65,Yes
9357-LMNK819,Female,0,Yes,No,46,90.85,4375.28,No
6420-ABCD820,Male,0,Yes,No,22,26.09,585.07,Yes
3043-XYZW821,Male,0,Yes,Yes,11,28.92,304.47,No
4496-LMNK822,Male,0,Yes,No,48,67.77,3151.91,No
1213-LMNK823,Female,0,No,Yes,8,34.4,282.67,No
7731-ABCD824,Female,0,No,Yes,39,116.57,4701.46,No
4117-LMNK825,Male,0,No,Yes,35,34.18,1210.38,No
9783-XYZW826,Female,0,Yes,Yes,49,67.24,3342.34,No
3720-XYZW827,Male,1,Yes,No,46,54.84,2403.66,Yes
7047-XYZW828,Male,0,Yes,No,38,82.51,3238.39,No
9032-XYZW829,Male,0,No,Yes,8,31.22,256.96,No
7368-ABCD830,Male,1,No,No,54,61.5,3240.98,No
2949-ABCD831,Female,0,No,No,37,45.86,1732.23,Yes
7732-XYZW832,Female,0,No,No,40,107.47,4176.22,No
1917-LMNK833,Male,0,No,Yes,34,22.33,724.32,Yes
8014-XYZW834,Female,0,Yes,No,17,110.08,1815.43,No
2709-XYZW835,Male,0,Yes,No,33,101.97,3256.87,No
4041-XYZW836,Female,0,No,No,47,48.16,2226.79,Yes
9619-ABCD837,Female,0,Yes,No,52,97.57,5032.26,No
2895-LMNK838,Male,0,Yes,Yes,9,21.39,192.67,No
9508-LMNK839,Female,0,No,Yes,33,115.42,3800.01,No
1634-XYZW840,Male,0,No,No,60,71.17,4172.27,No
3056-XYZW841,Male,0,No,No,21,48.73,975.15,No
4144-LMNK842,Male,1,No,Yes,58,54.69,3205.36,Yes
1552-XYZW843,Female,0,No,No,69,24.92,1701.55,No
9907-XYZW844,Female,1,Yes,No,10,117.68,1153.11,No
4389-XYZW845,Male,1,Yes,No,6,22.2,138.09,No
9442-LMNK846,Female,0,No,No,13,84.07,1119.88,Yes
1458-XYZW847,Female,0,No,No,65,62.74,4224.0,No
1021-XYZW848,Female,0,Yes,No,20,113.62,2271.26,Yes
1894-LMNK849,Female,0,No,No,57,42.97,2358.89,No
8294-ABCD850,Female,0,Yes,Yes,46,71.72,3363.86,Yes
8867-XYZW851,Male,0,Yes,Yes,8,66.73,518.15,No
5109-LMNK852,Male,0,No,Yes,10,88.89,883.68,Yes
8179-LMNK853,Female,1,Yes,Yes,67,25.09,1607.91,Yes
2560-ABCD854,Male,1,Yes,Yes,11,37.73,428.53,Yes
2266-XYZW855,Female,0,Yes,Yes,12,39.81,459.85,No
4638-XYZW856,Female,0,No,No,10,92.43,961.56,Yes
4427-ABCD857,Male,0,Yes,Yes,25,37.26,965.43,No
2927-ABCD858,Male,0,No,No,49,75.89,3705.44,No
3356-LMNK859,Male,0,No,Yes,49,39.88,2001.87,No
1306-XYZW860,Female,0,Yes,No,11,104.84,1167.01,No
8057-LMNK861,Male,0,No,No,62,112.94,7214.5,Yes
1661-ABCD862,Male,1,Yes,Yes,36,70.36,2515.69,No
9503-ABCD863,Male,0,No,No,39,53.66,2152.55,Yes
9946-LMNK864,Male,0,No,No,53,41.77,2205.5,No
7236-XYZW865,Male,0,No,No,56,23.25,1359.41,Yes
7078-LMNK866,Male,0,Yes,No,1,45.23,45.17,No
1352-LMNK867,Female,0,No,No,56,84.0,4686.42,No
8005-ABCD868,Male,1,Yes,No,4,71.88,295.72,No
1158-XYZW869,Male,0,Yes,No,30,113.13,3503.04,Yes
1956-ABCD870,Male,0,No,Yes,12,58.08,700.76,No
4453-XYZW871,Male,0,Yes,No,35,87.98,2980.7,Yes
2712-LMNK872,Female,0,No,No,52,67.43,3495.05,No
5703-ABCD873,Female,0,Yes,No,31,69.76,2263.78,No
7563-XYZW874,Male,0,Yes,Yes,68,45.16,3148.57,No
6631-XYZW875,Female,0,No,No,52,63.97,3429.95,No
2394-XYZW876,Male,0,Yes,No,7,65.56,437.48,No
5732-LMNK877,Male,0,No,Yes,22,89.27,1957.63,No
1529-ABCD878,Female,0,No,No,56,112.78,6408.28,No
3958-ABCD879,Female,1,No,No,58,51.35,3076.59,No
4591-XYZW880,Female,0,Yes,No,64,22.49,1374.48,No
1525-XYZW881,Male,0,No,No,12,68.13,846.37,Yes
1001-LMNK882,Female,0,No,No,7,72.97,513.26,No
5648-XYZW883,Male,0,No,No,55,35.18,1876.33,No
2525-ABCD884,Male,0,No,No,62,94.68,5762.89,Yes
2646-XYZW885,Female,0,No,Yes,55,117.24,6307.58,No
5599-LMNK886,Male,0,No,Yes,36,113.3,4091.39,No
4155-XYZW887,Female,1,No,No,24,38.06,872.49,Yes
4814-XYZW888,Female,0,Yes,Yes,44,106.22,4514.09,No
4216-LMNK889,Male,1,Yes,Yes,17,89.05,1561.19,No
9219-XYZW890,Male,0,No,No,2,63.86,123.03,No
5356-LMNK891,Female,1,Yes,Yes,13,72.58,918.38,No
6543-ABCD892,Male,0,No,No,31,103.63,3197.55,No
8062-LMNK893,Female,0,Yes,Yes,28,66.5,1865.19,Yes
7430-LMNK894,Female,1,No,No,60,55.76,3433.79,No
4081-LMNK895,Male,0,Yes,No,27,67.82,1821.5,No
1629-XYZW896,Female,1,Yes,Yes,15,76.45,1179.99,No
6724-XYZW897,Female,0,No,No,33,37.25,1243.8,No
4432-ABCD898,Male,0,No,Yes,20,108.79,2091.62,No
7276-LMNK899,Female,0,No,No,42,86.01,3488.27,No
8115-ABCD900,Male,1,Yes,No,12,81.89,976.49,No
1575-XYZW901,Female,0,No,No,23,28.25,643.05,No
7099-ABCD902,Female,0,No,No,72,78.97,5824.32,No
4178-ABCD903,Male,0,No,No,14,30.41,429.18,No
3734-ABCD904,Male,0,Yes,No,25,26.16,646.68,No
4568-LMNK905,Female,0,No,No,31,71.24,2135.73,Yes
2742-XYZW906,Male,0,No,Yes,54,58.73,3084.79,No
1619-LMNK907,Female,0,No,No,5,77.43,390.07,No
1956-XYZW908,Male,0,Yes,Yes,13,27.22,351.15,No
1968-LMNK909,Female,0,No,No,28,61.56,,No
1281-ABCD910,Female,1,No,Yes,43,35.82,1489.54,No
7262-LMNK911,Female,0,Yes,No,47,117.45,5610.08,Yes
5293-ABCD912,Male,0,Yes,Yes,71,74.65,5487.0,No
6178-ABCD913,Female,0,Yes,Yes,38,87.34,3238.58,No
2229-XYZW914,Female,0,Yes,No,67,50.95,3410.75,Yes
9467-ABCD915,Male,0,Yes,No,62,27.77,1803.61,Yes
3289-LMNK916,Male,0,No,No,39,116.33,4461.21,No
1125-XYZW917,Male,0,No,Yes,37,47.02,1756.28,No
8473-ABCD918,Female,1,No,Yes,8,60.84,466.77,No
6342-LMNK919,Female,0,No,No,52,83.56,4391.18,No
7570-XYZW920,Male,1,Yes,No,33,20.73,656.02,No
8595-XYZW921,Female,1,Yes,Yes,42,99.68,4378.82,No
7294-XYZW922,Male,0,No,No,27,72.18,1990.89,No
2969-XYZW923,Male,0,Yes,No,8,46.21,380.33,Yes
1891-LMNK924,Female,0,Yes,No,23,24.44,,No
8175-XYZW925,Female,0,Yes,No,64,34.58,,No
9320-LMNK926,Female,0,Yes,No,20,108.2,2153.16,No
7812-XYZW927,Male,0,No,Yes,16,87.2,1445.2,No
5612-LMNK928,Female,0,Yes,Yes,17,43.37,770.97,No
2198-XYZW929,Male,0,Yes,No,19,24.84,471.91,Yes
6238-XYZW930,Male,0,Yes,No,8,87.66,731.54,No
7089-XYZW931,Male,0,No,No,38,75.78,2903.64,Yes
7257-XYZW932,Female,1,Yes,No,38,58.9,2246.79,Yes
8705-LMNK933,Female,0,No,No,53,54.79,2890.65,No
1986-ABCD934,Male,0,Yes,No,31,40.04,1205.16,Yes
5909-ABCD935,Female,0,Yes,Yes,44,85.55,3577.39,No
4072-LMNK936,Female,0,No,Yes,60,115.8,6768.4,No
4124-ABCD937,Male,0,Yes,No,17,35.91,611.06,No
9125-XYZW938,Female,1,Yes,No,39,78.26,3015.5,Yes
6105-XYZW939,Female,0,Yes,Yes,42,60.88,2543.79,No
1574-ABCD940,Male,0,No,No,48,63.14,3176.39,No
8848-ABCD941,Male,0,Yes,No,12,43.79,517.61,Yes
7924-ABCD942,Female,1,No,No,18,101.18,1812.53,No
4828-ABCD943,Female,0,Yes,Yes,6,67.02,387.38,No
4230-ABCD944,Female,0,Yes,No,43,72.86,2991.36,No
8114-XYZW945,Male,0,Yes,Yes,35,48.88,1757.92,No
4173-XYZW946,Female,0,No,No,54,36.52,1986.02,Yes
2667-XYZW947,Male,0,Yes,Yes,62,26.88,1710.01,No
5114-XYZW948,Male,0,Yes,No,69,90.02,5993.9,No
4553-XYZW949,Female,1,Yes,Yes,16,37.97,611.88,Yes
2000-LMNK950,Male,0,Yes,No,8,87.6,683.54,No
2388-LMNK951,Male,0,Yes,No,31,57.48,1733.42,No
4712-XYZW952,Male,0,No,Yes,10,60.04,571.07,No
1454-ABCD953,Male,0,Yes,No,56,65.4,3527.02,No
3772-LMNK954,Male,0,Yes,Yes,70,55.2,3790.3,No
8232-XYZW955,Female,0,No,No,20,28.36,545.47,No
5806-LMNK956,Male,1,Yes,No,5,49.37,258.84,No
3875-ABCD957,Female,0,Yes,No,23,84.96,1916.69,Yes
6592-ABCD958,Female,0,Yes,No,9,85.16,738.11,No
9927-ABCD959,Female,0,No,No,58,47.02,2645.09,Yes
7059-XYZW960,Male,0,Yes,No,59,64.49,3838.28,Yes
8010-XYZW961,Female,0,No,Yes,54,37.69,1946.53,No
8117-XYZW962,Female,0,Yes,No,46,39.39,1877.61,No
3989-ABCD963,Female,0,No,No,22,20.57,473.42,No
7228-XYZW964,Female,1,Yes,Yes,64,108.37,6760.03,No
7471-XYZW965,Female,0,No,No,8,39.43,313.87,No
2177-ABCD966,Male,0,No,Yes,20,41.12,783.1,No
1011-ABCD967,Female,0,No,No,51,46.35,,No
5399-ABCD968,Female,1,Yes,Yes,39,31.05,1200.53,No
9234-LMNK969,Female,0,Yes,No,37,82.5,2982.31,No
6445-XYZW970,Female,0,Yes,No,50,25.8,1252.18,No
7570-ABCD971,Male,0,Yes,Yes,34,31.74,1095.78,No
9212-LMNK972,Female,0,Yes,Yes,33,83.05,2717.69,No
5431-LMNK973,Male,0,No,No,31,52.39,1572.06,No
6243-LMNK974,Male,0,Yes,No,54,89.4,4918.89,No
7936-LMNK975,Male,0,Yes,Yes,44,74.27,3289.14,No
5146-LMNK976,Male,0,No,Yes,34,43.98,1548.95,No
1140-XYZW977,Female,0,No,No,71,83.66,5712.65,No
5882-XYZW978,Male,0,Yes,No,62,29.94,1909.31,No
7012-ABCD979,Male,0,No,No,23,72.16,1688.48,No
4610-ABCD980,Female,0,Yes,No,46,62.18,2750.16,No
7894-LMNK981,Female,1,No,Yes,56,45.17,2578.8,No
8311-XYZW982,Female,0,No,No,7,78.95,549.42,No
6539-XYZW983,Female,1,No,No,61,105.82,6742.26,No
7787-XYZW984,Female,0,No,Yes,3,118.64,343.16,No
5445-LMNK985,Male,0,Yes,No,38,79.33,3057.6,Yes
2286-LMNK986,Male,1,Yes,No,34,58.92,1979.64,No
8052-LMNK987,Female,0,No,No,44,40.88,1880.89,Yes
4654-LMNK988,Male,0,Yes,No,30,44.09,1300.21,No
3359-ABCD989,Female,0,No,Yes,17,66.44,1181.68,No
9105-ABCD990,Male,0,Yes,No,59,55.16,,No
7441-XYZW991,Male,0,Yes,No,10,110.09,1075.62,No
2798-XYZW992,Female,0,Yes,Yes,18,55.26,1024.87,No
6291-ABCD993,Female,0,Yes,No,45,55.78,2634.5,Yes
7284-LMNK994,Female,0,No,No,59,56.8,3268.31,No
8285-ABCD995,Female,0,No,No,62,102.33,6304.35,No
7869-ABCD996,Male,0,No,No,59,83.65,4945.31,No
4097-ABCD997,Male,0,No,No,49,79.97,3838.17,No
1009-XYZW998,Female,0,No,No,63,51.83,3107.01,No
6752-ABCD999,Female,1,No,No,32,100.45,3124.44,No
